City_ID,City,Lat,Lng,Max Temp,Humidity,Cloudiness,Wind Speed,Country,Date
0,bilibino,68.0546,166.4372,8.45,69,100,2.12,RU,1687870107
1,nar'yan-mar,67.6713,53.087,10.17,87,100,1.86,RU,1687870108
2,bakal,54.9417,58.8083,17.53,43,27,4.2,RU,1687870108
3,port-aux-francais,-49.35,70.2167,2.16,82,98,14.69,TF,1687870108
4,vorkuta,67.5,64.0,12.41,55,100,2.89,RU,1687870108
5,kulachi,31.9286,70.4592,38.91,33,5,4.53,PK,1687870108
6,waitangi,-43.9535,-176.5597,12.12,94,100,1.79,NZ,1687870108
7,keflavik,64.0049,-22.5624,11.29,77,100,8.62,IS,1687870108
8,hermanus,-34.4187,19.2345,15.45,92,100,6.06,ZA,1687870108
9,chonchi,-42.6128,-73.8092,6.73,94,100,2.28,CL,1687870108
10,avarua,-21.2078,-159.775,24.59,80,0,1.58,CK,1687870108
11,adamstown,-25.066,-130.1015,21.34,80,78,11.62,PN,1687870108
12,kone,-21.0595,164.8658,18.97,76,68,2.36,NC,1687870108
13,udachny,66.4167,112.4,23.03,24,100,4.08,RU,1687870109
14,fort bragg,35.139,-79.006,24.55,90,1,2.64,US,1687870109
15,bonthe,7.5264,-12.505,25.29,86,100,4.52,SL,1687870109
16,camarinas,43.1311,-9.1817,27.32,74,56,9.93,ES,1687870109
17,wailua homesteads,22.0669,-159.378,22.64,84,54,1.34,US,1687870109
18,west island,-12.1568,96.8225,26.09,72,26,10.61,CC,1687870109
19,zhangatas,43.5667,69.75,31.24,23,15,9.54,KZ,1687870109
20,novodvinsk,64.4165,40.8122,23.55,40,75,3.14,RU,1687870109
21,kailua-kona,19.6406,-155.9956,23.61,81,4,2.68,US,1687870109
22,coquimbo,-29.9533,-71.3436,15.11,77,97,2.0,CL,1687870109
23,anadyr,64.75,177.4833,7.78,93,100,3.58,RU,1687870109
24,isafjordur,66.0755,-23.124,12.36,70,99,5.06,IS,1687870110
25,bredasdorp,-34.5322,20.0403,13.08,97,100,3.95,ZA,1687870110
26,albany,42.6001,-73.9662,21.26,94,100,0.89,US,1687869910
27,papatowai,-46.5619,169.4708,10.4,98,100,3.99,NZ,1687870110
28,utrik,11.2278,169.8474,27.91,79,52,8.56,MH,1687870110
29,yellowknife,62.456,-114.3525,15.87,63,6,2.68,CA,1687870110
30,olonkinbyen,70.9221,-8.7187,6.2,92,0,5.36,SJ,1687870110
31,taro,-8.3862,115.28,21.59,98,69,0.44,ID,1687870110
32,whitehorse,60.7161,-135.0538,11.84,76,100,4.47,CA,1687870110
33,cabinda,-5.55,12.2,24.94,72,54,5.87,AO,1687870110
34,thompson,55.7435,-97.8558,15.11,38,100,2.75,CA,1687870110
35,ribeira grande,38.5167,-28.7,23.21,77,3,3.13,PT,1687870111
36,kayangel,8.0823,134.7173,28.96,70,77,2.17,PW,1687870111
37,st. john's,47.5649,-52.7093,13.42,79,100,2.68,CA,1687870111
38,cestos city,5.46,-9.5828,26.14,70,93,5.72,LR,1687870111
39,zhangye,38.9342,100.4517,23.13,19,100,1.34,CN,1687870111
40,ushuaia,-54.8,-68.3,-7.43,92,14,1.5,AR,1687869866
41,saipan,15.1355,145.701,27.03,100,100,1.79,MP,1687870111
42,shubarshi,48.5872,57.1869,24.14,30,61,5.19,KZ,1687870111
43,hithadhoo,-0.6,73.0833,28.37,70,20,3.08,MV,1687870111
44,bethel,41.3712,-73.414,22.2,89,100,1.96,US,1687870028
45,dunedin,-45.8742,170.5036,11.0,95,100,0.89,NZ,1687869940
46,seven pagodas,12.6264,80.1722,32.25,67,100,7.0,IN,1687870111
47,puerto natales,-51.7236,-72.4875,0.14,98,100,2.02,CL,1687870111
48,pisco,-13.7,-76.2167,17.79,79,100,1.32,PE,1687870111
49,grytviken,-54.2811,-36.5092,-4.17,92,100,4.05,GS,1687870112
50,atafu village,-8.5421,-172.5159,28.17,80,29,6.94,TK,1687870112
51,as salimiyah,29.3339,48.0761,39.98,34,2,0.89,KW,1687870112
52,rocha,-34.4833,-54.3333,11.56,84,100,2.5,UY,1687870112
53,ayapa,18.1833,-93.1667,23.88,86,100,1.3,MX,1687870112
54,hluti,-27.2167,31.6167,22.76,28,0,2.55,SZ,1687870112
55,banda aceh,5.5577,95.3222,27.47,80,100,4.37,ID,1687869883
56,edinburgh of the seven seas,-37.0676,-12.3116,13.97,84,94,12.9,SH,1687870112
57,turochak,52.2576,87.1224,20.77,66,100,2.21,RU,1687870112
58,alofi,-19.0595,-169.9187,25.0,78,18,6.14,NU,1687870112
59,naze,28.3667,129.4833,24.63,89,6,2.75,JP,1687870112
60,grootfontein,-19.5667,18.1167,21.46,17,0,8.98,NA,1687870112
61,vila velha,-20.3297,-40.2925,24.41,78,0,0.45,BR,1687870113
62,college,64.8569,-147.8028,13.66,71,100,0.15,US,1687869978
63,luganville,-15.5333,167.1667,22.48,76,100,3.46,VU,1687870113
64,port saint john's,-31.6229,29.5448,15.84,85,100,5.77,ZA,1687870113
65,popilnia,49.9665,29.4435,24.06,48,81,3.14,UA,1687870113
66,shenjiamen,29.9576,122.298,24.28,94,100,9.34,CN,1687870113
67,nadi,-17.8,177.4167,19.53,79,6,0.97,FJ,1687870113
68,chernigovka,44.3389,132.5728,20.02,98,100,2.61,RU,1687870113
69,kingston,17.997,-76.7936,29.58,73,100,0.45,JM,1687869690
70,enewetak,11.3474,162.3373,28.53,78,100,8.07,MH,1687870113
71,aldinga beach,-35.2793,138.4604,10.93,81,100,2.93,AU,1687870113
72,laguna,38.421,-121.4238,14.45,85,39,1.79,US,1687870113
73,hasaki,35.7333,140.8333,24.56,89,100,4.91,JP,1687870114
74,saint-francois,46.4154,3.9054,24.26,46,19,3.1,FR,1687870114
75,varzelandia,-15.7014,-44.0275,23.27,42,0,4.52,BR,1687870114
76,tiksi,71.6872,128.8694,11.39,55,82,3.38,RU,1687870114
77,huarmey,-10.0681,-78.1522,20.8,79,49,2.34,PE,1687870114
78,north fort myers,26.6673,-81.8801,30.56,79,1,2.28,US,1687870114
79,mount pearl,47.5166,-52.7813,12.96,78,100,2.68,CA,1687870091
80,georgetown,5.4112,100.3354,27.23,79,92,3.04,MY,1687869899
81,trondheim,63.4305,10.3951,17.5,71,41,6.26,NO,1687870065
82,kruisfontein,-34.0033,24.7314,16.05,82,100,9.85,ZA,1687870114
83,portland,45.5234,-122.6762,14.3,86,12,1.34,US,1687869540
84,vorgashor,67.5833,63.95,12.02,55,99,2.93,RU,1687870114
85,iqaluit,63.7506,-68.5145,3.72,93,91,2.24,CA,1687870114
86,nagqu,31.5,92.0,4.3,90,100,7.26,CN,1687870114
87,petropavlovsk-kamchatsky,53.0452,158.6483,18.21,59,100,2.15,RU,1687870114
88,fort mcmurray,56.7268,-111.381,14.42,93,6,1.39,CA,1687869922
89,constitucion,-35.3333,-72.4167,10.82,87,7,1.41,CL,1687870115
90,queenstown,-31.8976,26.8753,12.23,80,65,4.48,ZA,1687870115
91,namibe,-15.1961,12.1522,21.86,48,57,6.44,AO,1687870115
92,grand baie,-20.0182,57.5802,24.69,55,42,1.79,MU,1687870115
93,tolanaro,-25.0319,46.9987,21.85,62,0,4.88,MG,1687870115
94,san andres,12.5847,-81.7006,27.54,77,100,2.84,CO,1687870115
95,blackmans bay,-43.0167,147.3167,8.74,78,100,3.92,AU,1687870115
96,mendi,-6.1761,143.6513,13.49,98,42,0.74,PG,1687870115
97,horta,38.5333,-28.6333,22.79,77,4,3.13,PT,1687869964
98,sisimiut,66.9395,-53.6735,5.39,74,88,11.06,GL,1687870115
99,tralee,52.2704,-9.7026,18.31,88,100,4.48,IE,1687870115
100,marquette,46.5333,-87.6335,14.32,88,0,3.13,US,1687870116
101,kiunga,-6.1219,141.2906,23.39,98,95,0.84,PG,1687870116
102,bakanas,44.8081,76.2772,35.16,10,0,8.66,KZ,1687870116
103,carnarvon,-24.8667,113.6333,15.55,48,0,8.59,AU,1687870116
104,daru,-9.0763,143.2092,25.25,84,99,7.09,PG,1687870116
105,port alfred,-33.5906,26.891,17.32,81,100,3.13,ZA,1687870116
106,vrontados,38.4089,26.1328,26.59,61,0,6.87,GR,1687870116
107,badger,64.8,-147.5333,13.62,80,100,0.22,US,1687870116
108,papao,-17.75,-149.55,23.7,81,17,8.79,PF,1687870116
109,finspang,58.7058,15.7674,23.39,41,84,3.56,SE,1687870116
110,kamiiso,41.8167,140.65,19.16,99,100,1.75,JP,1687870116
111,lescar,43.3333,-0.4167,22.66,72,85,1.42,FR,1687870116
112,aldama,22.9167,-98.0667,26.32,88,100,1.39,MX,1687870116
113,newman,37.3138,-121.0208,14.05,84,98,0.89,US,1687870078
114,port mathurin,-19.6833,63.4167,22.51,57,94,4.29,MU,1687870117
115,broome,42.2506,-75.833,20.01,89,100,1.34,US,1687870117
116,san antonio de pale,-1.4014,5.6325,24.34,83,2,6.08,GQ,1687870117
117,fortuna,40.5982,-124.1573,11.63,96,100,1.24,US,1687870117
118,twin falls,42.3505,-114.6445,11.07,67,100,1.67,US,1687870117
119,yanam,16.7333,82.2167,30.19,68,100,2.15,IN,1687870117
120,pathein,16.7833,94.7333,27.69,83,50,1.74,MM,1687870117
121,puerto baquerizo moreno,-0.9,-89.6,24.81,77,100,3.54,EC,1687870117
122,dryden,49.7833,-92.7503,15.75,73,77,2.21,CA,1687869662
123,stanley,54.868,-1.6985,14.29,91,100,4.39,GB,1687870117
124,talnakh,69.4865,88.3972,15.67,46,76,3.02,RU,1687870117
125,lagoa,39.05,-27.9833,19.62,86,8,6.27,PT,1687870118
126,cabo san lucas,22.8909,-109.9124,25.9,77,65,2.24,MX,1687870090
127,urangan,-25.3,152.9,17.87,65,4,2.0,AU,1687870118
128,bairnsdale,-37.8333,147.6167,6.7,86,100,2.5,AU,1687870118
129,kavaratti,10.5669,72.642,27.16,78,100,7.42,IN,1687870118
130,vilyuysk,63.7553,121.6247,17.74,60,0,0.15,RU,1687870118
131,marquard,-28.6645,27.4305,17.73,25,0,6.08,ZA,1687870118
132,kovur,14.4833,79.9833,35.36,35,100,5.24,IN,1687870118
133,margaret river,-33.95,115.0667,13.36,70,100,3.05,AU,1687870118
134,torghay,49.6339,63.4981,16.28,62,100,9.35,KZ,1687870118
135,vorotynets,56.0603,45.8633,22.31,47,32,1.08,RU,1687870118
136,zorgo,12.2489,-0.6158,35.26,36,100,2.93,BF,1687870118
137,zav'yalovo,56.7847,53.3776,19.11,75,76,2.86,RU,1687870118
138,jamestown,42.097,-79.2353,19.45,69,100,4.47,US,1687870119
139,mugia,43.1041,-9.2179,27.31,74,46,10.45,ES,1687870119
140,pervomayskoye,43.919,46.7102,31.2,36,97,1.47,RU,1687870119
141,evanston,42.0411,-87.6901,18.39,78,0,1.34,US,1687870119
142,thurso,58.5927,-3.5259,14.92,82,100,6.21,GB,1687870119
143,remire-montjoly,4.9167,-52.2667,28.15,76,20,4.79,GF,1687870120
144,hadibu,12.65,54.0333,28.31,67,62,9.91,YE,1687870120
145,zouerate,22.7187,-12.4521,39.94,8,0,7.8,MR,1687870120
146,la'ie,21.6477,-157.9253,24.38,76,13,3.58,US,1687870120
147,longyearbyen,78.2186,15.6401,7.86,94,96,0.68,SJ,1687870120
148,karasuk,53.7377,78.0403,23.16,36,100,6.64,RU,1687870120
149,vilyuchinsk,52.9306,158.4028,19.03,64,100,2.44,RU,1687870120
150,invercargill,-46.4,168.35,10.1,96,100,3.4,NZ,1687869522
151,necochea,-38.5473,-58.7368,9.91,55,31,0.22,AR,1687870121
152,ilulissat,69.2167,-51.1,2.01,98,100,3.51,GL,1687870121
153,luderitz,-26.6481,15.1594,15.12,74,54,8.72,NA,1687870121
154,ciudad bolivar,8.1222,-63.5497,28.93,66,34,2.43,VE,1687870121
155,qaqortoq,60.7167,-46.0333,8.34,71,99,2.24,GL,1687870121
156,meadow lakes,61.6247,-149.6011,10.04,94,100,0.68,US,1687870121
157,miles city,46.4083,-105.8406,17.84,77,43,2.38,US,1687870121
158,chernyshevsk,52.5243,117.0174,16.55,89,100,3.98,RU,1687870121
159,kuusamo,65.9667,29.1833,16.24,85,100,0.7,FI,1687869960
160,port elizabeth,-33.918,25.5701,17.28,89,100,2.68,ZA,1687870121
161,bandarbeyla,9.4942,50.8122,27.05,65,4,14.31,SO,1687870122
162,lompoc,34.6391,-120.4579,13.77,79,72,7.6,US,1687870122
163,kapuskasing,49.4169,-82.4331,9.82,52,100,4.68,CA,1687869956
164,hawaiian paradise park,19.5933,-154.9731,21.61,99,53,3.1,US,1687870122
165,puerto ayacucho,5.6639,-67.6236,23.23,97,100,1.72,VE,1687870122
166,springbok,-29.6643,17.8865,11.17,56,100,8.5,ZA,1687870122
167,de panne,51.0792,2.5917,24.03,57,93,4.93,BE,1687870122
168,varna,43.2167,27.9167,26.36,50,54,5.07,BG,1687870122
169,yuzhno-kurilsk,44.0306,145.8556,13.86,99,100,5.77,RU,1687870122
170,bonny,4.4522,7.1681,25.49,86,100,6.46,NG,1687870122
171,warman,52.3168,-106.5679,17.07,72,59,2.34,CA,1687870122
172,angaur state,6.906,134.13,28.95,72,94,3.1,PW,1687870122
173,zuni pueblo,35.0725,-108.8506,19.81,28,62,3.56,US,1687870123
174,ulan bator,47.9077,106.8832,10.93,70,100,2.94,MN,1687869947
175,saryozek,44.3583,77.9753,29.66,21,0,4.19,KZ,1687870123
176,livingston,55.9029,-3.5226,14.56,91,100,3.2,GB,1687870084
177,thunder bay,48.4001,-89.3168,14.72,76,76,1.36,CA,1687870009
178,suoyarvi,62.0833,32.35,24.52,40,65,2.94,RU,1687870123
179,howard springs,-12.497,131.047,25.46,72,51,0.68,AU,1687870123
180,spanish wells,26.323,-81.7957,30.54,57,18,2.32,US,1687870123
181,mount isa,-20.7333,139.5,22.67,38,9,2.25,AU,1687870123
182,alice springs,-23.7,133.8833,12.9,53,100,25.48,AU,1687870123
183,porto novo,6.4965,2.6036,28.16,65,96,5.22,BJ,1687870123
184,flying fish cove,-10.4217,105.6791,25.45,70,90,9.76,CX,1687870123
185,karukh,34.4811,62.5863,30.12,14,0,9.6,AF,1687870124
186,kodiak,57.79,-152.4072,8.05,98,100,3.68,US,1687870124
187,rio grande,-32.035,-52.0986,14.97,96,100,3.12,BR,1687870124
188,krasnokholmskiy,55.9873,55.0466,20.88,46,56,3.19,RU,1687870124
189,caleta de carquin,-11.0925,-77.6267,20.26,78,46,2.65,PE,1687870124
190,bermeo,43.4209,-2.7215,26.5,65,96,3.14,ES,1687870124
191,iskateley,67.6803,53.1512,10.12,86,100,1.83,RU,1687870124
192,takoradi,4.8845,-1.7554,26.7,65,65,5.18,GH,1687870124
193,klaksvik,62.2266,-6.589,11.1,94,32,9.11,FO,1687870124
194,tadine,-21.55,167.8833,21.24,65,31,7.83,NC,1687870124
195,bengkulu,-3.8004,102.2655,26.27,83,100,3.51,ID,1687870124
196,el calafate,-50.3408,-72.2768,0.54,94,100,0.06,AR,1687870124
197,afaahiti,-17.75,-149.2833,22.81,84,53,8.31,PF,1687870125
198,fuling,29.7022,107.3919,26.75,75,89,2.42,CN,1687870125
199,nishinoomote,30.7333,131.0,25.87,88,98,3.25,JP,1687870125
200,buta,2.7858,24.73,26.29,72,96,0.7,CD,1687870125
201,puerto ayora,-0.7393,-90.3518,25.31,93,84,2.68,EC,1687870029
202,grand falls-windsor,48.9332,-55.6649,16.95,50,99,2.24,CA,1687870122
203,ortaca,36.8294,28.7708,32.03,38,1,4.56,TR,1687870125
204,kotlas,61.2611,46.6556,26.07,31,45,0.69,RU,1687870125
205,ugoofaaru,5.6667,73.0,28.26,75,100,4.41,MV,1687870125
206,kirensk,57.7853,108.1119,12.48,97,100,3.5,RU,1687870125
207,la passe,45.5549,-0.8967,26.68,50,100,2.95,FR,1687870125
208,santana,-0.0583,-51.1817,29.3,62,12,2.71,BR,1687870088
209,port lincoln,-34.7333,135.8667,11.76,76,55,1.07,AU,1687870125
210,itoman,26.1247,127.6694,28.0,81,100,4.71,JP,1687870126
211,tubarjal,30.4999,38.216,36.58,7,0,5.68,SA,1687870126
212,praia da vitoria,38.7333,-27.0667,21.22,79,78,4.7,PT,1687870126
213,lensk,60.7253,114.9278,21.29,68,7,2.78,RU,1687870126
214,tamale,9.4008,-0.8393,29.82,59,99,3.48,GH,1687870126
215,umm ruwaba,12.9061,31.2158,37.26,24,24,4.29,SD,1687870126
216,ivanava,52.1451,25.5365,15.95,96,100,2.93,BY,1687870126
217,sainte-anne-des-monts,49.124,-66.4924,14.87,82,100,1.31,CA,1687870126
218,smirnovo,54.5125,69.4222,12.32,96,100,9.16,KZ,1687870126
219,kem',64.9555,34.5793,14.83,67,90,4.12,RU,1687870126
220,kenai,60.5544,-151.2583,8.41,94,100,0.87,US,1687870126
221,gadzhiyevo,69.2551,33.3362,12.34,67,82,2.43,RU,1687870126
222,zheleznodorozhnyy,55.7503,38.0042,23.02,44,100,3.23,RU,1687870127
223,selfoss,63.9331,-20.9971,13.36,71,100,7.4,IS,1687869646
224,aasiaat,68.7098,-52.8699,4.0,78,91,9.88,GL,1687870127
225,port douglas,-16.4833,145.4667,23.62,75,100,5.07,AU,1687870127
226,krasnopillya,50.7746,35.2597,16.51,82,91,5.12,UA,1687870127
227,vernon,50.2581,-119.2691,18.58,62,22,0.34,CA,1687869642
228,shahrud,36.4182,54.9763,33.22,13,5,0.59,IR,1687870127
229,murzuq,25.9155,13.9184,39.33,10,0,2.67,LY,1687870127
230,playa del ingles,27.7567,-15.5787,26.44,79,0,0.89,ES,1687870090
231,fale old settlement,-9.3852,-171.2468,28.58,78,100,6.79,TK,1687870127
232,corbu,44.3833,28.65,29.52,35,43,1.76,RO,1687870127
233,carangola,-20.7331,-42.0294,24.81,61,0,0.58,BR,1687870127
234,akhaltsikhe,41.639,42.9826,21.57,75,59,2.62,GE,1687870127
235,al burayqah,30.4062,19.5739,25.52,74,0,7.02,LY,1687870128
236,betio village,1.358,172.9211,26.99,81,99,3.17,KI,1687870128
237,uturoa,-16.7333,-151.4333,26.67,79,96,9.8,PF,1687870128
238,el hadjira,32.6134,5.5126,37.72,17,0,3.55,DZ,1687870128
239,solhan,38.9634,41.0293,27.05,35,82,3.06,TR,1687870128
240,valka,57.7752,26.0101,20.55,59,100,2.0,LV,1687870128
241,san luis de la loma,17.2706,-100.8939,26.6,76,55,2.33,MX,1687870128
242,barra velha,-26.6322,-48.6847,21.51,64,0,2.19,BR,1687870128
243,antofagasta,-23.65,-70.4,17.45,73,37,2.01,CL,1687869915
244,ma'rib,15.4591,45.3253,39.4,10,45,6.84,YE,1687870128
245,port macquarie,-31.4333,152.9167,10.5,66,75,2.1,AU,1687870128
246,micheweni,-4.9667,39.8333,27.0,66,17,6.64,TZ,1687870128
247,kurmuk,10.55,34.2833,28.01,65,75,3.29,SD,1687870129
248,gandu,-13.7439,-39.4867,25.19,63,99,2.16,BR,1687870129
249,uryupinsk,50.8047,42.0138,14.78,91,100,8.12,RU,1687870129
250,villa gesell,-37.2639,-56.973,11.28,60,100,1.33,AR,1687870129
251,amga,60.8953,131.9608,17.44,93,22,0.48,RU,1687870129
252,kapa'a,22.0752,-159.319,23.39,82,37,1.34,US,1687870129
253,amlapura,-8.45,115.6167,24.65,87,50,3.22,ID,1687870129
254,burley,42.5357,-113.7928,12.33,75,83,1.71,US,1687870129
255,annaba,36.9,7.7667,28.57,56,0,4.05,DZ,1687870129
256,sinabang,2.4803,96.3801,27.13,80,100,2.36,ID,1687870129
257,crane,31.3974,-102.3501,28.07,35,0,4.85,US,1687870036
258,christchurch,-43.5333,172.6333,9.95,91,100,3.13,NZ,1687869482
259,rosarito,32.3333,-117.0333,16.38,86,2,2.96,MX,1687870130
260,revda,56.801,59.9303,20.84,30,73,3.2,RU,1687870130
261,qamdo,31.1667,97.2333,12.05,46,41,2.09,CN,1687870130
262,swakopmund,-22.6833,14.5333,16.1,83,1,2.24,NA,1687870130
263,cidreira,-30.1811,-50.2056,19.98,72,6,2.11,BR,1687870130
264,tarinkot,32.6268,65.8733,36.73,8,0,7.31,AF,1687870130
265,klyuchi,52.2667,79.1667,20.92,57,100,1.31,RU,1687870130
266,kristiansund,63.1115,7.732,13.74,85,13,6.68,NO,1687870130
267,hamilton,39.1834,-84.5333,20.41,87,2,0.89,US,1687869865
268,latakia,35.5148,35.7768,25.27,75,0,5.71,SY,1687869540
269,haiku-pauwela,20.9219,-156.3051,23.36,92,41,3.58,US,1687870130
270,umluj,25.0213,37.2685,31.01,61,0,5.47,SA,1687870130
271,dawei,14.0833,98.2,26.09,88,36,0.9,MM,1687870130
272,happy valley-goose bay,53.3168,-60.3315,19.68,41,95,6.04,CA,1687870131
273,namtsy,62.7161,129.6658,17.46,90,100,1.03,RU,1687870131
274,punta arenas,-53.15,-70.9167,0.62,86,100,3.27,CL,1687870131
275,pekanbaru,0.5333,101.45,24.43,96,100,0.77,ID,1687870131
276,kerikeri,-35.2268,173.9474,9.14,93,15,2.79,NZ,1687870131
277,miri,4.4148,114.0089,27.47,79,85,2.35,MY,1687870131
278,minas de marcona,-15.2119,-75.1103,11.99,81,58,4.3,PE,1687870131
279,i-n-salah,27.1935,2.4607,43.29,7,100,3.88,DZ,1687870131
280,tacuarembo,-31.7333,-55.9833,19.36,92,100,2.35,UY,1687870131
281,ribeira brava,32.65,-17.0667,34.51,26,0,5.82,PT,1687869860
282,san juan del sur,11.2529,-85.8705,25.81,84,97,0.63,NI,1687870131
283,wawarsing,41.759,-74.3574,21.71,99,100,1.4,US,1687870131
284,dudinka,69.4058,86.1778,15.9,43,81,2.52,RU,1687870132
285,corn island,12.1694,-83.0418,27.71,73,100,3.22,NI,1687870132
286,titusville,28.6122,-80.8075,28.5,84,0,0.89,US,1687869848
287,tazacorte,28.629,-17.9293,25.08,82,15,2.68,ES,1687870132
288,minas,-34.3759,-55.2377,12.04,72,100,2.92,UY,1687869997
289,ndele,8.4109,20.6473,28.67,65,67,0.66,CF,1687870132
290,center line,42.485,-83.0277,18.3,89,100,1.79,US,1687870132
291,savanna-la-mar,18.219,-78.1332,28.29,69,100,1.12,JM,1687870132
292,mejit,10.2753,170.8646,27.82,82,100,8.9,MH,1687870132
293,madera,37.1666,-119.8343,19.02,66,94,1.15,US,1687870099
294,yeed,4.55,43.0333,30.92,38,100,8.84,SO,1687870132
295,sitka,57.0531,-135.33,12.51,97,100,0.73,US,1687870132
296,koch'ang,35.4333,126.7,21.92,93,82,3.34,KR,1687870132
297,isangel,-19.55,169.2667,20.12,67,6,2.18,VU,1687870132
298,santana do matos,-5.9575,-36.6556,29.21,52,95,6.54,BR,1687870133
299,alo,7.4178,6.7371,30.26,72,100,0.72,NG,1687870133
300,dakhla,23.6848,-15.958,22.16,80,1,4.4,EH,1687870133
301,mahina,-17.5065,-149.489,23.75,78,29,9.65,PF,1687870133
302,nova sintra,14.8667,-24.7167,20.91,76,42,3.75,CV,1687870133
303,pacocha,-17.5833,-71.3333,16.97,78,13,1.59,PE,1687870133
304,dingwall,57.5953,-4.4272,16.06,88,100,2.0,GB,1687870133
305,bamboo flat,11.7,92.7167,28.38,82,100,4.07,IN,1687870133
306,howrah,22.5892,88.3103,28.28,81,100,5.76,IN,1687870005
307,usinsk,65.9939,57.5281,10.61,82,100,4.45,RU,1687870133
308,amahai,-3.3333,128.9167,29.44,89,67,0.99,ID,1687870133
309,kankaanpaa,61.8,22.4167,23.47,46,63,1.67,FI,1687870133
310,tulum,20.2167,-87.4667,27.32,85,65,1.45,MX,1687870133
311,naryn,41.4287,75.9911,22.72,29,25,6.15,KG,1687870134
312,ust-nera,64.5667,143.2,19.44,68,68,2.82,RU,1687870134
313,koulikoro,14.0,-7.75,32.22,44,100,1.67,ML,1687870134
314,kuala belait,4.5833,114.1833,27.2,80,83,2.49,BN,1687870134
315,trebic,49.2149,15.8817,22.22,63,100,1.34,CZ,1687870134
316,abatskoye,56.2875,70.4555,12.43,94,100,8.97,RU,1687870134
317,fraserburgh,57.6874,-2.0184,13.21,91,100,7.46,GB,1687870134
318,mabaruma,8.2,-59.7833,29.07,66,79,2.11,GY,1687870134
319,severo-yeniseyskiy,60.3725,93.0408,14.19,57,18,2.27,RU,1687870134
320,arar,30.9753,41.0381,40.1,6,0,6.56,SA,1687870134
321,willows,39.5243,-122.1936,16.77,76,0,0.59,US,1687870134
322,kulhudhuffushi,6.6221,73.07,28.09,73,100,5.4,MV,1687870134
323,san patricio,28.017,-97.5169,27.73,86,14,4.58,US,1687870135
324,geraldton,-28.7667,114.6,12.99,54,0,5.18,AU,1687870135
325,divo,5.8397,-5.36,26.23,67,100,2.0,CI,1687870135
326,uruzgan,32.8333,66.0,33.76,9,0,6.1,AF,1687870135
327,gwadar,25.1216,62.3254,30.88,72,100,4.09,PK,1687870135
328,dondo,-19.6094,34.7431,25.29,40,6,4.06,MZ,1687870135
329,flin flon,54.7682,-101.865,14.46,70,100,2.82,CA,1687870135
330,beni mellal,32.3373,-6.3498,41.8,8,3,4.28,MA,1687870135
331,utete,-7.986,38.758,30.77,32,2,1.93,TZ,1687870135
332,banchory,57.0517,-2.4882,15.75,88,100,2.61,GB,1687870135
333,sodra sandby,56.5667,16.6167,14.94,92,100,4.2,SE,1687870135
334,alpine,32.835,-116.7664,13.38,80,0,0.4,US,1687870135
335,ikungi,-5.1333,34.7667,25.51,34,100,1.54,TZ,1687870135
336,nizhniy kuranakh,58.8353,125.4869,20.46,75,0,1.25,RU,1687870136
337,mahibadhoo,3.7833,72.9667,28.6,72,100,4.92,MV,1687870136
338,tazovsky,67.4667,78.7,11.97,60,92,4.29,RU,1687870136
339,bikenibeu village,1.3673,173.1241,26.94,81,97,3.52,KI,1687870136
340,tatsinskiy,48.1968,41.2756,24.39,56,93,4.87,RU,1687870136
341,puerto aysen,-45.4,-72.7,4.41,100,100,0.56,CL,1687870136
342,lagoa santa,-19.6272,-43.8897,23.42,52,0,1.71,BR,1687870136
343,lucea,18.451,-78.1736,28.25,74,100,3.71,JM,1687870136
344,new plymouth,-39.0667,174.0833,8.51,75,9,2.71,NZ,1687870052
345,leava,-14.3,-178.1667,26.78,80,86,5.5,WF,1687870136
346,siwa oasis,29.2041,25.5195,35.59,22,0,3.51,EG,1687870136
347,bojonegoro,-7.1502,111.8817,26.19,70,76,5.37,ID,1687870136
348,mishelevka,52.8575,103.1719,14.03,73,100,0.49,RU,1687870137
349,pokhara,28.2333,83.9833,24.15,92,100,0.93,NP,1687870137
350,san julian,21.0167,-102.1667,14.56,79,9,1.47,MX,1687869976
351,puerto leguizamo,-0.1934,-74.7819,23.7,92,60,0.55,CO,1687870137
352,stupava,48.2747,17.0317,23.22,54,100,7.11,SK,1687870137
353,noumea,-22.2763,166.4572,21.11,99,50,5.03,NC,1687870051
354,morehead city,34.7229,-76.726,25.02,74,0,5.29,US,1687870137
355,kachug,53.9606,105.8817,11.97,75,100,0.99,RU,1687870137
356,salinas,36.6777,-121.6555,13.33,88,100,0.45,US,1687870083
357,shulan,44.4167,126.95,19.29,97,100,4.07,CN,1687870137
358,puerto san jose,13.9256,-90.8244,24.97,92,100,4.4,GT,1687870137
359,chui,-33.6971,-53.4616,13.65,77,69,2.27,UY,1687870138
360,och'amch'ire,42.7123,41.4686,24.01,80,28,2.82,GE,1687870138
361,bucerias,20.75,-105.3333,25.55,92,100,1.77,MX,1687870126
362,east ballina,-28.8667,153.5833,11.56,67,34,1.5,AU,1687870138
363,at taj,24.2049,23.2857,38.34,11,0,4.67,LY,1687870138
364,brady,31.1352,-99.3351,29.74,51,0,5.64,US,1687870138
365,smithers,54.7804,-127.1743,13.79,91,85,1.24,CA,1687870138
366,uribia,11.7139,-72.266,28.81,70,51,4.0,CO,1687870138
367,az zawiyah,32.0963,35.0398,31.17,40,0,6.01,PS,1687870138
368,fang,19.9169,99.2145,24.11,94,94,0.32,TH,1687870138
369,fort riley north,39.1108,-96.8139,19.97,77,63,0.45,US,1687870138
370,camacupa,-12.0167,17.4833,28.4,18,4,1.87,AO,1687870138
371,lubben,51.95,13.9,20.5,53,100,4.68,DE,1687870139
372,al jumum,21.6169,39.6981,40.16,17,4,12.17,SA,1687870139
373,taroa,8.7058,171.2275,27.9,83,100,9.59,MH,1687870139
374,ongjin,37.9347,125.3619,20.25,94,8,2.77,KP,1687870139
375,zdvinsk,54.7021,78.661,22.12,44,100,5.94,RU,1687870139
376,katsuura,35.1333,140.3,23.33,95,100,3.86,JP,1687870139
377,kholmsk,47.0511,142.0569,15.23,90,100,2.07,RU,1687870139
378,susuman,62.7833,148.1667,16.52,90,100,1.96,RU,1687870139
379,veinticinco de mayo,-35.4323,-60.1727,9.43,82,81,0.89,AR,1687870139
380,tarawa,1.419,172.984,26.99,82,99,3.54,KI,1687870139
381,okhotsk,59.3833,143.3,11.58,94,74,2.15,RU,1687870139
382,greenville,35.6127,-77.3663,21.74,84,10,0.89,US,1687870139
383,corumba,-19.0092,-57.6533,23.11,39,5,2.12,BR,1687870140
384,urengoy,65.9667,78.3667,15.27,47,100,1.86,RU,1687870140
385,colonia,50.9333,6.95,24.21,48,100,4.97,DE,1687869633
386,mahdia,35.5047,11.0622,30.29,42,0,3.53,TN,1687870140
387,hirara,24.8,125.2833,27.91,86,100,7.95,JP,1687870140
388,camalu,30.85,-116.0667,18.27,86,0,4.01,MX,1687870140
389,turbat,26.0023,63.044,36.59,44,73,10.13,PK,1687870140
390,santiago de cao,-7.9589,-79.2392,21.28,82,80,4.76,PE,1687870140
391,cuatro cienegas de carranza,26.9833,-102.0833,27.79,37,0,0.99,MX,1687870140
392,lagdo,9.05,13.7333,30.45,56,82,1.98,CM,1687870140
393,lata,40.1629,-8.3327,28.37,24,0,3.48,PT,1687870140
394,fortaleza,-3.7227,-38.5247,27.9,67,28,6.13,BR,1687869993
395,tinajo,29.0788,-13.7081,24.35,81,41,3.46,ES,1687870140
396,kidal,18.4411,1.4078,40.95,16,5,4.48,ML,1687870141
397,morondava,-20.2833,44.2833,25.04,46,6,4.86,MG,1687870141
398,lerwick,60.1545,-1.1494,14.1,81,0,5.36,GB,1687870141
399,zhigalovo,54.8097,105.1578,12.18,76,100,0.47,RU,1687870141
400,pleasanton,37.6624,-121.8747,13.53,88,36,0.45,US,1687870141
401,ocean city,39.2776,-74.5746,23.34,82,100,1.34,US,1687870132
402,krasnyy chikoy,50.3643,108.7512,10.26,72,32,1.55,RU,1687870141
403,lauro muller,-28.3928,-49.3967,22.66,59,0,1.42,BR,1687870141
404,tamanrasset,22.785,5.5228,34.04,11,6,4.59,DZ,1687870041
405,odoyev,53.9393,36.6864,13.07,96,100,5.49,RU,1687870141
406,tashla,51.7716,52.7427,23.02,33,100,4.07,RU,1687870141
407,sokol'skoye,57.1412,43.1589,19.73,58,100,2.5,RU,1687870142
408,medina,24.4686,39.6142,43.71,6,0,4.0,SA,1687870142
409,cotonou,6.3654,2.4183,26.58,74,69,6.73,BJ,1687870142
410,kosh-agach,50.0,88.6667,17.1,36,7,1.64,RU,1687870142
411,lima,-12.0432,-77.0282,19.39,83,36,2.26,PE,1687869600
412,langnau,46.9394,7.7874,25.0,40,100,2.24,CH,1687870142
413,atlantis,-33.5667,18.4834,14.98,88,100,2.75,ZA,1687870142
414,atamyrat,37.8357,65.2106,39.03,8,0,8.62,TM,1687870142
415,hailar,49.2,119.7,20.4,61,0,3.94,CN,1687870142
416,ruidoso,33.3317,-105.673,24.42,28,26,3.1,US,1687870143
417,pontianak,-0.0333,109.3333,27.77,78,61,1.9,ID,1687869692
418,westport,41.1415,-73.3579,22.49,85,100,1.79,US,1687869907
419,yamada,39.4667,141.95,21.04,96,100,3.16,JP,1687870143
420,mandalgovi,45.7625,106.2708,16.56,40,100,5.33,MN,1687870143
421,midvagur,62.0511,-7.1939,12.78,84,77,7.53,FO,1687870143
422,mirpur sakro,24.5474,67.6277,34.08,54,100,6.42,PK,1687870143
423,sri dungargarh,28.0833,74.0167,36.87,36,41,2.5,IN,1687870143
424,poso,-1.3959,120.7524,25.59,89,21,1.39,ID,1687870143
425,kasumkent,41.6773,48.146,25.53,54,26,3.71,RU,1687870144
426,san ignacio,17.1561,-89.0714,25.24,84,98,0.21,BZ,1687869624
427,barmer,25.75,71.3833,31.19,65,100,7.0,IN,1687870144
428,adrar,20.5022,-10.0711,41.07,11,4,5.97,MR,1687870144
429,yeppoon,-23.1333,150.7333,19.0,71,100,1.56,AU,1687870144
430,weno,7.4515,151.8468,27.6,80,100,5.99,FM,1687870144
431,myski,53.709,87.8014,20.91,60,100,2.26,RU,1687870144
432,kendari,-3.945,122.4989,25.02,91,2,0.51,ID,1687870144
433,popondetta,-8.7537,148.2534,23.32,87,100,1.06,PG,1687870144
434,gaomi,36.3833,119.7528,24.36,83,25,5.04,CN,1687869994
435,mount gambier,-37.8333,140.7667,8.77,92,100,2.08,AU,1687870145
436,constantia,44.1833,28.65,29.28,52,32,3.91,RO,1687869912
437,watsa,3.0372,29.5355,25.09,76,79,1.11,CD,1687870145
438,forster,-32.1667,152.5167,9.6,92,98,2.19,AU,1687870145
439,urzhar,47.093,81.6294,28.73,23,57,5.43,KZ,1687870145
440,korsakov,46.6328,142.7813,15.47,91,100,3.17,RU,1687870145
441,saynshand,44.8824,110.1163,26.06,20,99,7.29,MN,1687870145
442,lazaro cardenas,17.9583,-102.2,26.43,81,100,1.39,MX,1687870145
443,marolambo,-20.05,48.1167,22.13,46,8,1.74,MG,1687870145
444,kudahuvadhoo,2.6708,72.8944,28.27,74,100,5.09,MV,1687870146
445,tecolotlan,20.2167,-104.05,21.61,80,97,0.44,MX,1687870146
446,talcahuano,-36.7167,-73.1167,9.94,84,1,0.29,CL,1687870146
447,nova olimpia,-14.7972,-57.2881,26.37,40,3,2.26,BR,1687870146
448,mahavelona,-17.6848,49.5087,23.28,59,73,3.42,MG,1687870146
449,ouallam,14.3188,2.0866,37.66,31,100,3.24,NE,1687870146
450,cuenca,-2.8833,-78.9833,11.16,95,99,0.91,EC,1687869538
451,faya-largeau,17.9257,19.1043,41.91,9,3,4.07,TD,1687870146
452,knyaze-volkonskoye,48.4642,135.4567,24.05,93,100,2.02,RU,1687870146
453,le port,-20.9373,55.2919,23.27,83,64,5.64,RE,1687870146
454,manokwari,-0.8667,134.0833,26.83,74,98,1.16,ID,1687870146
455,coahuayana de hidalgo,18.7,-103.6583,25.66,90,100,1.59,MX,1687870147
456,east london,-33.0153,27.9116,15.86,81,100,9.77,ZA,1687869717
457,ulsteinvik,62.3432,5.8487,16.06,86,88,5.81,NO,1687870147
458,lamu,-2.2717,40.902,26.51,72,17,6.64,KE,1687870147
459,gabu,12.2833,-14.2167,30.25,64,100,0.86,GW,1687870147
460,mareeba,-17.0,145.4333,19.13,89,59,1.2,AU,1687870147
461,anloga,5.7947,0.8973,26.28,74,42,7.15,GH,1687870147
462,ryotsu-minato,38.0833,138.4333,23.9,85,76,4.09,JP,1687870147
463,inhambane,-23.865,35.3833,25.0,57,0,4.02,MZ,1687870147
464,moyynkum,44.2914,72.9469,32.97,20,50,10.32,KZ,1687870147
465,muang xay,20.7,101.9833,22.46,99,100,0.99,LA,1687870147
466,meadow lake,34.8014,-106.5436,25.22,30,54,0.99,US,1687870148
467,ingenio la esperanza,-24.2255,-64.839,21.98,53,0,0.85,AR,1687870148
468,mata-utu,-13.2816,-176.1745,27.78,74,33,3.47,WF,1687870148
469,olinda,-8.0089,-34.8553,25.54,81,40,5.21,BR,1687870148
470,tan-tan,28.438,-11.1032,34.19,40,1,8.26,MA,1687870148
471,arraial do cabo,-22.9661,-42.0278,22.33,84,0,7.55,BR,1687870148
472,muroto-misakicho,33.2833,134.15,24.81,93,96,4.46,JP,1687870148
473,baker city,44.7749,-117.8344,14.77,77,100,0.93,US,1687870148
474,ciudad lazaro cardenas,17.9583,-102.2,26.43,81,100,1.39,MX,1687870145
475,taungoo,18.9333,96.4333,25.46,90,37,1.78,MM,1687869885
476,goderich,43.7501,-81.7165,18.28,98,100,5.95,CA,1687870148
477,lebu,-37.6167,-73.65,9.6,84,11,1.95,CL,1687870041
478,port blair,11.6667,92.75,28.37,81,100,4.11,IN,1687869921
479,tsiombe,-25.3,45.4833,22.58,52,2,4.28,MG,1687870149
480,kalabo,-14.97,22.6814,30.29,14,2,1.61,ZM,1687870149
481,reitz,-27.8014,28.4273,16.79,24,0,4.11,ZA,1687870149
482,nouadhibou,20.931,-17.0347,20.2,84,0,8.64,MR,1687870149
483,palikir - national government center,6.9248,158.1611,27.3,77,100,5.69,FM,1687870149
484,juneau,58.3019,-134.4197,13.45,99,100,1.03,US,1687869904
485,touros,-5.1989,-35.4608,28.05,67,33,5.27,BR,1687870149
486,aykhal,66.0,111.5,18.18,38,100,4.68,RU,1687870149
487,aitape,-3.1374,142.3475,25.99,86,97,2.83,PG,1687870149
488,darzab,35.9774,65.3783,29.57,14,0,3.79,AF,1687870149
489,callao,-12.0667,-77.15,20.4,79,67,3.32,PE,1687870080
490,cuellar,41.3679,-4.3084,31.55,25,1,2.64,ES,1687870149
491,enshi,30.3,109.4833,24.68,89,96,1.58,CN,1687870149
492,ancud,-41.8697,-73.8203,9.33,85,100,8.02,CL,1687870150
493,el granada,37.5027,-122.4694,13.37,92,100,0.45,US,1687870150
494,lihue,21.9789,-159.3672,22.98,84,53,6.99,US,1687870150
495,patterson,37.4716,-121.1297,13.88,84,81,1.83,US,1687869970
496,temara,33.9287,-6.9066,26.75,82,7,0.45,MA,1687870150
497,port augusta,-32.5,137.7667,11.2,97,100,1.28,AU,1687870150
498,vadso,70.0744,29.7487,10.91,81,44,2.76,NO,1687870150
499,campo gallo,-26.5833,-62.85,22.75,51,0,4.29,AR,1687870150
500,mendoza,-32.8908,-68.8272,11.45,49,35,0.56,AR,1687869604
501,ibateguara,-8.9725,-35.9394,23.76,78,54,4.18,BR,1687870150
502,shitanjing,39.2342,106.3439,22.85,33,100,5.54,CN,1687870150
503,sendhwa,21.6833,75.1,26.23,76,100,7.22,IN,1687870150
504,labasa,-16.4167,179.3833,22.96,89,99,1.07,FJ,1687870150
505,belmopan,17.25,-88.7667,24.58,92,99,0.22,BZ,1687870151
506,shwebo,22.5667,95.7,32.59,47,96,4.09,MM,1687870151
507,boquete,8.7833,-82.4333,19.55,90,100,0.45,PA,1687870151
508,wuyang,31.9925,116.2472,27.87,65,100,1.29,CN,1687870151
509,acarau,-2.8856,-40.12,28.56,65,25,6.17,BR,1687869906
510,guerrero negro,27.9769,-114.0611,16.08,94,1,5.04,MX,1687870151
511,yakymivka,46.6897,35.1536,24.74,45,97,5.09,UA,1687870151
512,brisas de zicatela,15.8369,-97.0419,26.08,79,11,1.91,MX,1687870151
513,hastings,50.8552,0.5729,22.77,22,93,5.77,GB,1687869872
514,zinjibar,13.1287,45.3807,33.27,57,100,2.95,YE,1687870151
515,tigwav,18.4314,-72.8669,28.55,70,83,0.21,HT,1687870151
516,winchester center,41.9001,-73.1348,20.95,96,100,0.89,US,1687870152
517,hammerfest,70.6634,23.6821,12.57,75,26,5.33,NO,1687870152
518,lagodekhi,41.8268,46.2767,28.88,49,2,2.01,GE,1687870152
519,matoury,4.8483,-52.3317,28.32,74,27,3.44,GF,1687870152
520,northam,51.0333,-4.2167,20.92,75,98,7.89,GB,1687870152
521,stutterheim,-32.5708,27.424,9.94,96,100,4.88,ZA,1687870152
522,puerto cabezas,14.0351,-83.3888,26.08,86,100,1.18,NI,1687870152
523,kununurra,-15.7667,128.7333,23.38,59,98,8.16,AU,1687870152
524,shingu,33.7333,135.9833,23.7,94,97,2.75,JP,1687870152
525,el fasher,13.6279,25.3494,35.84,21,95,2.74,SD,1687870152
526,marica,-22.9194,-42.8186,23.67,59,0,0.58,BR,1687869876
527,lethbridge,49.7,-112.8186,15.06,60,29,2.03,CA,1687870153
528,khovd,48.0056,91.6419,19.08,25,95,2.95,MN,1687870153
529,okondja,-0.6549,13.6753,32.23,47,49,1.01,GA,1687870153
530,orapa,-21.2833,25.3667,25.23,19,0,5.23,BW,1687870153
531,wynyard,-41.0,145.7167,8.32,80,5,3.45,AU,1687870153
532,zira,30.9685,74.9911,34.89,47,3,2.48,IN,1687870153
533,machina,13.1364,10.0492,36.7,28,100,1.48,NG,1687870153
534,abepura,-2.6333,140.5833,23.59,94,68,1.2,ID,1687870153
535,alesund,62.4723,6.1549,16.06,87,81,4.04,NO,1687870153
536,nazca,-14.8333,-74.95,17.56,67,0,1.36,PE,1687870153
537,nantucket,41.2835,-70.0995,20.08,95,100,9.59,US,1687870024
538,ardakan,32.31,54.0175,41.17,8,0,4.69,IR,1687870153
539,luwuk,-0.9516,122.7875,25.99,89,6,0.53,ID,1687870153
540,fredericton,45.9454,-66.6656,18.24,94,100,1.96,CA,1687870117
541,kishtwar,33.3167,75.7667,25.01,64,30,2.02,IN,1687869929
542,sao miguel do araguaia,-13.275,-50.1628,28.26,32,0,4.87,BR,1687870154
543,sinop,41.7711,34.8709,21.08,69,40,4.76,TR,1687870154
544,ephraim,39.3597,-111.5863,14.34,31,0,2.69,US,1687870154
545,selkirk,50.1436,-96.8845,18.95,86,96,2.35,CA,1687869675
546,blankenberge,51.3131,3.1323,24.0,42,100,1.34,BE,1687870154
547,dalhart,36.0595,-102.5133,22.74,74,78,4.75,US,1687869909
548,kuanda,56.3161,116.0806,19.21,80,83,4.76,RU,1687870154
549,kwale,5.7063,6.4374,27.82,81,99,2.92,NG,1687870154
550,dalcahue,-42.3628,-73.7022,6.22,51,100,1.34,CL,1687870154
551,negapatam,10.7667,79.8333,29.66,72,100,7.86,IN,1687870154
552,birobidzhan,48.8,132.95,22.52,86,88,1.6,RU,1687870154
553,nemuro,43.3236,145.575,13.8,99,100,6.58,JP,1687870155
554,saskatoon,52.1168,-106.6345,17.35,69,91,2.43,CA,1687869856
555,karratha,-20.7377,116.8463,19.17,26,0,6.7,AU,1687870155
556,huaiyuan chengguanzhen,32.9589,117.1657,29.47,52,41,2.87,CN,1687870155
557,kemijarvi,66.7131,27.4306,18.48,67,100,2.2,FI,1687870155
558,kandahar,31.0,65.75,38.34,9,5,8.11,AF,1687870155
559,quellon,-43.1167,-73.6167,7.17,91,100,4.49,CL,1687870155
560,dumai,1.6833,101.45,24.62,94,49,0.71,ID,1687870155
561,palmer,42.1584,-72.3287,23.12,81,100,1.34,US,1687870155
562,egilsstadir,65.2653,-14.3948,14.95,54,100,4.43,IS,1687870155
563,el jadid,33.2549,-8.506,27.68,61,6,7.82,MA,1687870155
564,sur,22.5667,59.5289,32.94,59,18,6.55,OM,1687870155
565,soio,-6.1349,12.3689,24.29,73,20,6.37,AO,1687870156
566,sambava,-14.2667,50.1667,24.29,58,6,7.7,MG,1687870156
567,bowling green,36.9903,-86.4436,22.97,82,0,2.85,US,1687870150
568,rahimah,26.7079,50.0619,33.66,50,6,3.26,SA,1687870156
569,ola,59.5833,151.2833,11.19,98,87,2.0,RU,1687870156
570,matelandia,-25.2408,-53.9964,19.66,61,0,3.41,BR,1687870156
571,nuku'alofa,-21.1333,-175.2,23.63,67,100,11.01,TO,1687870156
572,reggane,26.7158,0.1714,42.39,11,43,6.47,DZ,1687870156
573,chivhu,-19.0211,30.8922,23.27,11,0,3.01,ZW,1687870156
574,ilhabela,-23.7781,-45.3581,25.69,53,0,0.6,BR,1687870156
575,pago pago,-14.2781,-170.7025,27.07,74,98,4.74,AS,1687870156
576,bridgewater,44.3835,-64.5155,13.95,99,100,1.79,CA,1687870156
577,ixtapa,20.7,-105.2,25.13,92,100,0.57,MX,1687870157
578,biloela,-24.4167,150.5,14.56,51,10,1.44,AU,1687870157
579,mozelos,41.8677,-8.3978,32.71,31,0,1.9,PT,1687870157
580,mahanoro,-19.9,48.8,22.34,66,5,2.55,MG,1687870157
581,basco,20.4487,121.9702,27.31,83,100,3.93,PH,1687870157
582,floro,61.5996,5.0328,18.46,89,58,1.79,NO,1687870157
583,vila franca do campo,37.7167,-25.4333,24.65,64,40,5.41,PT,1687870157
584,rongelap,11.1635,166.8941,28.01,82,71,8.88,MH,1687870157
585,henryetta,35.4398,-95.9819,24.23,78,7,3.1,US,1687870157
586,shache,38.4167,77.2406,33.76,14,2,2.11,CN,1687870157
587,tavda,58.0425,65.2726,20.54,38,8,4.21,RU,1687870157
588,san jose del guaviare,2.5729,-72.6459,24.09,90,44,1.16,CO,1687870158
589,valencia de alcantara,39.4115,-7.2444,34.58,31,0,2.22,ES,1687870158
590,ponta delgada,37.7333,-25.6667,23.86,70,14,3.62,PT,1687870158
591,dainava (kaunas),54.9152,23.9683,22.6,76,100,6.7,LT,1687870158
592,dire,12.2833,-10.9667,31.6,56,82,1.73,ML,1687870158
593,martinsburg,39.4562,-77.9639,24.95,83,18,1.45,US,1687869951
594,tura,25.5198,90.2201,23.73,97,100,2.62,IN,1687870158
595,macgregor,49.9661,-98.7794,18.09,98,18,4.47,CA,1687870158
596,turpan,42.9333,89.1667,34.99,13,0,2.16,CN,1687870158
